<?xml version='1.0' standalone='yes'?>
<productData>
  <dependsOn>
  </dependsOn>
  <installerUsage>
    <usage>install</usage>
  </installerUsage>
  <isControllingProduct>false</isControllingProduct>
  <platformList>
    <platform>win32</platform>
    <platform>win64</platform>
  </platformList>
  <productBaseCode></productBaseCode>
  <productName>Uninstaller</productName>
  <productNumber>-5</productNumber>
  <productVersion>15.1</productVersion>
  <releaseDescription>R2015b</releaseDescription>
  <releaseFamily>R2015b</releaseFamily>
  <requiredProducts>
  </requiredProducts>
</productData>
