<?xml version='1.0' standalone='yes'?>
<productAdditionalComps>
  <dependsOn>
    <component>
      <name>3p/jre_win64</name>
      <locale></locale>
      <platformList>
        <platform>win64</platform>
      </platformList>
      <version>1427303349</version>
    </component>
  </dependsOn>
  <isControllingProduct>false</isControllingProduct>
  <platform>win64</platform>
  <productBaseCode></productBaseCode>
  <productName>Uninstaller</productName>
  <productNumber>-5</productNumber>
  <productVersion>15.1</productVersion>
  <releaseDescription>R2015b</releaseDescription>
  <releaseFamily>R2015b</releaseFamily>
</productAdditionalComps>
