<?xml version='1.0' standalone='yes'?>
<componentData>
  <component>
    <componentBaseName>license_manager</componentBaseName>
    <componentFileName>license_manager_win64_1438297049.enc</componentFileName>
    <componentName>license_manager_win64</componentName>
    <componentVersion>1438297049</componentVersion>
    <locale></locale>
    <numFiles>1</numFiles>
    <platformList>
      <platform>win64</platform>
    </platformList>
    <releaseFamily>R2015b</releaseFamily>
    <size>730280</size>
    <type></type>
    <uncompressedBytes>2213888</uncompressedBytes>
  </component>
</componentData>
