<?xml version='1.0' standalone='yes'?>
<contents>
  <componentFiles>3p/flexnet_win64_1438296715.enc</componentFiles>
  <componentFiles>bin_utils_win64_1273541294.enc</componentFiles>
  <componentFiles>license_manager_win64_1438297049.enc</componentFiles>
  <definitions>3p/flexnet_win64_1438296715.xml</definitions>
  <definitions>bin_utils_win64_1273541294.xml</definitions>
  <definitions>license_manager_win64_1438297049.xml</definitions>
  <definitions>productdata_License_Manager111302_win64.xml</definitions>
</contents>
