<?xml version='1.0' standalone='yes'?>
<productAdditionalComps>
  <dependsOn>
    <component>
      <name>3p/flexnet_win64</name>
      <locale></locale>
      <platformList>
        <platform>win64</platform>
      </platformList>
      <version>1438296715</version>
    </component>
    <component>
      <name>bin_utils_win64</name>
      <locale></locale>
      <platformList>
        <platform>win64</platform>
      </platformList>
      <version>1273541294</version>
    </component>
    <component>
      <name>license_manager_win64</name>
      <locale></locale>
      <platformList>
        <platform>win64</platform>
      </platformList>
      <version>1438297049</version>
    </component>
  </dependsOn>
  <isControllingProduct>false</isControllingProduct>
  <platform>win64</platform>
  <productBaseCode></productBaseCode>
  <productName>License Manager</productName>
  <productNumber>0</productNumber>
  <productVersion>11.13.0.2</productVersion>
  <releaseDescription>R2015b</releaseDescription>
  <releaseFamily>R2015b</releaseFamily>
</productAdditionalComps>
