<?xml version='1.0' standalone='yes'?>
<componentData>
  <component>
    <componentBaseName>3p/flexnet</componentBaseName>
    <componentFileName>3p/flexnet_win64_1438296715.enc</componentFileName>
    <componentName>3p/flexnet_win64</componentName>
    <componentVersion>1438296715</componentVersion>
    <locale></locale>
    <numFiles>4</numFiles>
    <platformList>
      <platform>win64</platform>
    </platformList>
    <releaseFamily>R2015b</releaseFamily>
    <size>2747334</size>
    <type></type>
    <uncompressedBytes>8430336</uncompressedBytes>
  </component>
</componentData>
