<?xml version='1.0' standalone='yes'?>
<componentData>
  <component>
    <componentBaseName>3p/jre</componentBaseName>
    <componentFileName manifest="3p/jre_win64_manifest.xml">3p/jre_win64_1427303349.enc</componentFileName>
    <componentName>3p/jre_win64</componentName>
    <componentVersion>1427303349</componentVersion>
    <locale></locale>
    <numFiles>623</numFiles>
    <platformList>
      <platform>win64</platform>
    </platformList>
    <releaseFamily>R2015b</releaseFamily>
    <size>42453104</size>
    <type></type>
    <uncompressedBytes>124230171</uncompressedBytes>
  </component>
</componentData>
